source_id,title,url,published_year_reference,published_year_status,page_check_status,body_check_status,last_verified_at,source_completeness_status
S001,球体思考と球体理論,https://ameblo.jp/muu8/entry-12741709656.html,2022年,要確認（参考値）,確認済み,本文到達確認済み,2026-09-05,継続調査中
S002,学問が変わる条件,https://ameblo.jp/muu8/entry-12966749194.html,2026年,要確認（参考値）,確認済み,本文到達確認済み,2026-09-05,継続調査中
S003,野人理論における「生命の原理」　１,https://ameblo.jp/muu8/entry-12427015055.html,2018年,要確認（参考値）,確認済み,本文到達確認済み,2026-09-05,継続調査中
S004,野人理論における「生命の原理」　２,https://ameblo.jp/muu8/entry-12427035589.html,2018年,要確認（参考値）,確認済み,本文到達確認済み,2026-09-05,継続調査中
S005,協生理論と生命エネルギー論,https://ameblo.jp/muu8/entry-12780873458.html,2022年,要確認（参考値）,確認済み,本文到達確認済み,2026-09-05,継続調査中
S006,理論執筆出版の難しさ,https://ameblo.jp/muu8/entry-12832153884.html,2023年,要確認（参考値）,確認済み,本文到達確認済み,2026-09-05,継続調査中
S007,野人理論は生命物理哲学,https://ameblo.jp/muu8/entry-12872304338.html,2024年,要確認（参考値）,確認済み,本文到達確認済み,2026-09-05,継続調査中
S008,生命エネルギー理論の概要,https://ameblo.jp/muu8/entry-12874300752.html,2024年,要確認（参考値）,確認済み,本文到達確認済み,2026-09-05,継続調査中
S009,解毒理論の単純な仕組み,https://ameblo.jp/muu8/entry-12889951025.html,2025年,要確認（参考値）,確認済み,本文到達確認済み,2026-09-05,継続調査中
S010,学問の目的,https://ameblo.jp/muu8/entry-12964661334.html,2026年,要確認（参考値）,確認済み,本文到達確認済み,2026-09-05,継続調査中
S011,野人理論　生命の原理,https://ameblo.jp/muu8/entry-12964457635.html,2026年,要確認（参考値）,確認済み,本文到達確認済み,2026-09-05,継続調査中
S012,「生命の原理」　解説,https://ameblo.jp/muu8/entry-12510175748.html,2019年,要確認（参考値）,確認済み,本文到達確認済み,2026-09-05,継続調査中
S013,思考の基点　常識と野人の違い　講師候補必見,https://ameblo.jp/muu8/entry-12814766453.html,2023年,要確認（参考値）,確認済み,本文到達確認済み,2026-09-05,継続調査中
S014,「現状」から始まる思考の弱点,https://ameblo.jp/muu8/entry-12912499223.html,2025年,要確認（参考値）,確認済み,本文到達確認済み,2026-09-05,継続調査中
S015,球体的思考とは,https://ameblo.jp/muu8/entry-12638389547.html,2020年,要確認（参考値）,確認済み,本文到達確認済み,2026-09-05,継続調査中
S016,生命エネルギーの特徴　まとめ,https://ameblo.jp/muu8/entry-12650058408.html,2021年,要確認（参考値）,確認済み,本文到達確認済み,2026-09-05,継続調査中
S017,生命エネルギー理論とは,https://ameblo.jp/muu8/entry-12849548884.html,2024年,要確認（参考値）,確認済み,本文到達確認済み,2026-09-05,継続調査中
S018,進化する協生理論,https://ameblo.jp/muu8/entry-12041211363.html,2015年,要確認（参考値）,確認済み,本文到達確認済み,2026-09-05,継続調査中
S019,協生農法と生命エネルギーの関係　２,https://ameblo.jp/muu8/entry-12808876057.html,2023年,要確認（参考値）,確認済み,本文到達確認済み,2026-09-05,継続調査中
S020,野人理論　生命の原理とは,https://ameblo.jp/muu8/entry-12863316737.html,2024年,確認済み（公開日時から）,確認済み,本文到達確認済み,2026-09-05,継続調査中
S021,生命エネルギー論　眠る理由　２,https://ameblo.jp/muu8/entry-12037393181.html,2015年,要確認（参考値）,確認済み,本文到達確認済み,2026-09-05,継続調査中
S022,生命エネルギー論　食べる理由,https://ameblo.jp/muu8/entry-12037697556.html,2015年,要確認（参考値）,確認済み,本文到達確認済み,2026-09-05,継続調査中
S023,腎臓の頭脳　その機能と意識,https://ameblo.jp/muu8/entry-12902859612.html,2025年,要確認（参考値）,確認済み,本文到達確認済み,2026-09-05,継続調査中
S024,生命は無数の生命の集合体,https://ameblo.jp/muu8/entry-12965486641.html,2026年,要確認（参考値）,確認済み,本文到達確認済み,2026-09-05,継続調査中
S025,生命エネルギー論　眠る理由　１,https://ameblo.jp/muu8/entry-12037012263.html,2015年,要確認（参考値）,確認済み,本文到達確認済み,2026-09-05,継続調査中
S026,食欲の仕組み　２　農法士必読,https://ameblo.jp/muu8/entry-12820601193.html,2023年,要確認（参考値）,確認済み,本文到達確認済み,2026-09-05,継続調査中
S027,気の科学５　意識体の構造と仕組み,https://ameblo.jp/muu8/entry-10109070550.html,2008年,要確認（参考値）,確認済み,本文到達確認済み,2026-09-05,継続調査中
S028,進化の原動力は意識エネルギー,https://ameblo.jp/muu8/entry-12902468345.html,2025年,要確認（参考値）,確認済み,本文到達確認済み,2026-09-05,継続調査中
S029,専門用語がない野人理論,https://ameblo.jp/muu8/entry-12886319221.html,2025年,要確認（参考値）,確認済み,本文到達確認済み,2026-09-05,継続調査中
S030,困難な協生農法士への道,https://ameblo.jp/muu8/entry-12568744490.html,2020年,要確認（参考値）,確認済み,本文到達確認済み,2026-09-05,継続調査中
S031,生命とは　生き物の仕組み１,https://ameblo.jp/muu8/entry-11284358613.html,2012年,要確認（参考値）,確認済み,本文到達確認済み,2026-09-05,継続調査中
S032,生命エネルギー論　序論,https://ameblo.jp/muu8/entry-12013685387.html,2015年,要確認（参考値）,確認済み,本文到達確認済み,2026-09-05,継続調査中
S033,生命エネルギー論　まとめ,https://ameblo.jp/muu8/entry-12039039985.html,2015年,要確認（参考値）,確認済み,本文到達確認済み,2026-09-05,継続調査中
S034,心と理の境界　３,https://ameblo.jp/muu8/entry-12393812357.html,2018年,要確認（参考値）,確認済み,本文到達確認済み,2026-09-05,継続調査中
S035,意識のぶつり・・わかりやすいまとめ,https://ameblo.jp/muu8/entry-12810558244.html,2023年,要確認（参考値）,確認済み,本文到達確認済み,2026-09-05,継続調査中
S036,「生命エネルギー理論」の歴史,https://ameblo.jp/muu8/entry-12837734519.html,2024年,要確認（参考値）,確認済み,本文到達確認済み,2026-09-05,継続調査中
S037,心身の治癒力を復元出来るのは意識だけ,https://ameblo.jp/muu8/entry-12960900263.html,2026年,要確認（参考値）,確認済み,本文到達確認済み,2026-09-05,継続調査中
S038,意識と細胞復元の関係,https://ameblo.jp/muu8/entry-12690091803.html,2021年,要確認（参考値）,確認済み,本文到達確認済み,2026-09-05,継続調査中
S039,睡眠の起源２　人の意識と脳の意識の違い,https://ameblo.jp/muu8/entry-12727971132.html,2022年,確認済み（公開日時から）,確認済み,本文到達確認済み,2026-09-05,継続調査中
S040,意識が正常に機能しない道理,https://ameblo.jp/muu8/entry-12734220993.html,2022年,要確認（参考値）,確認済み,本文到達確認済み,2026-09-05,継続調査中
S041,意識の進化　生命が活動する仕組み,https://ameblo.jp/muu8/entry-12742240355.html,2022年,確認済み（公開日時から）,確認済み,本文到達確認済み,2026-09-05,継続調査中
S042,意識と　脳の意識の違い,https://ameblo.jp/muu8/entry-12779655266.html,2022年,確認済み（公開日時から）,確認済み,本文到達確認済み,2026-09-05,継続調査中
S043,脳を持たない指揮官達,https://ameblo.jp/muu8/entry-12814091066.html,2023年,確認済み（公開日時から）,確認済み,本文到達確認済み,2026-09-05,継続調査中
S044,意識と指揮系統,https://ameblo.jp/muu8/entry-12821134979.html,2023年,確認済み（公開日時から）,確認済み,本文到達確認済み,2026-09-05,継続調査中
S045,動物も植物も意識と体で出来ている,https://ameblo.jp/muu8/entry-12834148966.html,2023年,要確認（参考値）,確認済み,本文到達確認済み,2026-09-05,継続調査中
S046,意識と体　維持制御の道理　まとめ,https://ameblo.jp/muu8/entry-12844510533.html,2024年,確認済み（公開日時から）,確認済み,本文到達確認済み,2026-09-05,継続調査中
S047,植物の心,https://ameblo.jp/muu8/entry-12901395450.html,2025年,要確認（参考値）,確認済み,本文到達確認済み,2026-09-05,継続調査中
S048,生命誕生　体が先か意識が先か１,https://ameblo.jp/muu8/entry-12166055408.html,2016年,要確認（参考値）,確認済み,本文到達確認済み,2026-09-05,継続調査中
S049,生命誕生　体が先か意識が先か２,https://ameblo.jp/muu8/entry-12166345516.html,2016年,確認済み（公開日時から）,確認済み,本文到達確認済み,2026-09-05,継続調査中
S050,生命誕生　体が先か意識が先か３,https://ameblo.jp/muu8/entry-12170091046.html,2016年,要確認（参考値）,確認済み,本文到達確認済み,2026-09-05,継続調査中
S051,生命誕生　体が先か意識が先か４,https://ameblo.jp/muu8/entry-12170695923.html,2016年,要確認（参考値）,確認済み,本文到達確認済み,2026-09-05,継続調査中
S052,意識が有機物を生成する仕組み,https://ameblo.jp/muu8/entry-12895506465.html,2025年,要確認（参考値）,確認済み,本文到達確認済み,2026-09-05,継続調査中
S053,意識とは何か　脳科学最大の謎,https://ameblo.jp/muu8/entry-12892861173.html,2025年,要確認（参考値）,確認済み,本文到達確認済み,2026-09-05,継続調査中
S054,心身維持復元講習会　意識の充電法,https://ameblo.jp/muu8/entry-12976598063.html,2026年,要確認（参考値）,確認済み,本文到達確認済み,2026-09-05,継続調査中
S055,居眠りするハエトリグモ,https://ameblo.jp/muu8/entry-12760213828.html,2022年,要確認（参考値）,確認済み,本文到達確認済み,2026-09-05,継続調査中
S056,１日３食は食べ過ぎでもない　３,https://ameblo.jp/muu8/entry-12723125365.html,2022年,要確認（参考値）,確認済み,本文到達確認済み,2026-09-05,継続調査中
S057,エネルギーと成分の関係,https://ameblo.jp/muu8/entry-12741534102.html,2022年,要確認（参考値）,確認済み,本文到達確認済み,2026-09-05,継続調査中
S058,うなぎが示す生命の仕組み　５,https://ameblo.jp/muu8/entry-12254816287.html,2017年,要確認（参考値）,確認済み,本文到達確認済み,2026-09-05,継続調査中
S059,完全な生命エネルギーとは,https://ameblo.jp/muu8/entry-12740632454.html,2022年,要確認（参考値）,確認済み,本文到達確認済み,2026-09-05,継続調査中
S060,植物エネルギーのベクトル　３,https://ameblo.jp/muu8/entry-12612223250.html,2020年,要確認（参考値）,確認済み,本文到達確認済み,2026-09-05,継続調査中
S061,協生農法　生命エネルギーとは,https://ameblo.jp/muu8/entry-12833568052.html,未確認,要確認,確認済み,本文到達確認済み,2026-09-12,継続調査中
S062,立体思考と立体球体理論の違い,https://ameblo.jp/muu8/entry-12663886841.html,未確認,要確認,確認済み,本文到達確認済み,2026-09-12,継続調査中
S063,野人理論の構造と取り扱い　１,https://ameblo.jp/muu8/entry-12653592124.html,未確認,要確認,確認済み,本文到達確認済み,2026-09-12,継続調査中
S064,野人理論の構造と取り扱い　２,https://ameblo.jp/muu8/entry-12653784894.html,未確認,要確認,確認済み,本文到達確認済み,2026-09-12,継続調査中
S065,心体維持復元法,https://ameblo.jp/muu8/entry-12834471343.html,未確認,要確認,確認済み,本文到達確認済み,2026-09-18,継続調査中
S066,農法と生命復元理論の密接関係　講師必見,https://ameblo.jp/muu8/entry-12815306383.html,未確認,要確認,確認済み,本文到達確認済み,2026-09-18,継続調査中
S067,野人理論と協生理論の境界,https://ameblo.jp/muu8/entry-12741915011.html,未確認,要確認,確認済み,本文到達確認済み,2026-09-18,継続調査中
S068,進化の原動力,https://ameblo.jp/muu8/entry-12978718038.html,2026年,要確認（参考値）,確認済み,本文到達確認済み,2026-09-18,継続調査中
S069,植物に人の助けは必要なのか,https://ameblo.jp/muu8/entry-12978919894.html,2026年,要確認（参考値）,確認済み,本文到達確認済み,2026-09-18,継続調査中
S070,「意識と体を繋ぐもの」　解説,https://ameblo.jp/muu8/entry-12508322283.html,未確認,要確認,確認済み,本文到達確認済み,2026-09-18,継続調査中
S071,脳と意識の維持健康法,https://ameblo.jp/muu8/entry-12977942537.html,2026年,要確認（参考値）,確認済み,本文到達確認済み,2026-09-19,継続調査中
S072,牛の謎と馬の謎と魚の謎　2,https://ameblo.jp/muu8/entry-12972994422.html,2026年,要確認（参考値）,確認済み,本文到達確認済み,2026-09-19,継続調査中
S073,皮膚のシミは何故消えないのか　３,https://ameblo.jp/muu8/entry-12406948495.html,未確認,要確認,確認済み,本文到達確認済み,2026-09-20,継続調査中
S074,解毒思考とは,https://ameblo.jp/muu8/entry-12975469787.html,未確認,要確認,確認済み,本文到達確認済み,2026-09-20,継続調査中
